,Name,Community,Year of Construction,probability
255,Court House No. 2,DOWNTOWN COMMERCIAL CORE,1912,0.9604032
215,Central Memorial Park Library,BELTLINE,1910,0.94701105
24,7 Street NW Boulevards,ROSEDALE,1932,0.9095679
116,Bow Valley Lawn Bowling Club,HILLHURST,1932,0.8611368
464,Hotel Cecil (Cecil Hotel),DOWNTOWN EAST VILLAGE,1911,0.8488635
881,Substation No. Four,SOUTH CALGARY,1930,0.83807987
562,Louise (Hillhurst) Bridge,HILLHURST,1921,0.8333274
760,Rotary Park Lawn Bowls,CRESCENT HEIGHTS,1931,0.8316774
266,Crescent Park,CRESCENT HEIGHTS,1923,0.8256641
57,Allen (Palace) Theatre,DOWNTOWN COMMERCIAL CORE,1921,0.8162534
615,Mewata Bridge,HILLHURST,1954,0.8092421
59,Anderson Apartments,LOWER MOUNT ROYAL,1912,0.8035466
361,Fort Calgary Archaeological Site,DOWNTOWN EAST VILLAGE,1875,0.7956783
979,YWCA,BELTLINE,1910,0.7597262
961,Willingdon Hall,ASPEN WOODS,1928,0.7588487
718,Quirk Residence,ELBOW PARK,1911,0.75308484
577,Mahood (Mannix) Residence,CLIFF BUNGALOW,1912,0.7479407
451,Hillhurst School,HILLHURST,1911,0.7424099
820,Smith Residence,ELBOW PARK,1912,0.7406802
83,Bank of Nova Scotia (1930),DOWNTOWN COMMERCIAL CORE,1930,0.73473966
666,Oddfellows' Temple (Chamber of Commerce),DOWNTOWN COMMERCIAL CORE,1912,0.72998315
890,Telfer Residence,ELBOW PARK,1911,0.72101927
625,Molson's Bank,DOWNTOWN COMMERCIAL CORE,1911,0.70089626
768,Rutledge Hangar (Municipal Airport No. 1),RENFREW,1929,0.6999146
598,McDougall School,DOWNTOWN COMMERCIAL CORE,1908,0.6993106
76,Balmoral Circus,TUXEDO PARK,1934,0.69748944
165,Calgary Lawn Bowling Club,BELTLINE,1929,0.69407344
938,Webster Residence,BANKVIEW,1912,0.69373906
859,St. Paul's Anglican Church,MIDNAPORE,1885,0.6915493
675,Original Centre Street Bridge Lions,DOWNTOWN COMMERCIAL CORE,1917,0.69133425
560,Lougheed House,BELTLINE,1891,0.6878875
811,Simonelli Residence,KILLARNEY/GLENGARRY,1955,0.6847007
184,Canadian Bank of Commerce,INGLEWOOD,1911,0.6835316
307,Dunsmoor Residence,HILLHURST,1912,0.67860484
962,Willis Residence,PARKDALE,1912,0.67484695
926,Victoria Pavilion,BELTLINE,1919,0.67380404
82,Bank of Nova Scotia (1904),DOWNTOWN COMMERCIAL CORE,1904,0.6682136
884,Sunalta School,SCARBORO,1912,0.66777533
31,A. B. C. Dando Residence,HILLHURST,1913,0.63771987
510,John A. Tweddle Residence,HILLHURST,1913,0.63771987
532,King George School,MOUNT PLEASANT,1913,0.6367802
100,Betz Residence,PARKDALE,1913,0.63374186
418,Haddock Tree Nursery,STRATHCONA PARK,1930,0.62561333
210,Cawston Residence,ELBOW PARK,1910,0.6254808
539,Lacombe Home Site,MIDNAPORE,1910,0.6240794
436,Heritage Hall (SAIT Campus),HILLHURST,1921,0.61838806
435,Herbert and Barbara Taylor Residence,SOUTH CALGARY,1912,0.617027
469,Hudson's Bay Company Warehouse,BELTLINE,1912,0.61496055
182,Canada Life Assurance (Hollinsworth) Building,DOWNTOWN COMMERCIAL CORE,1912,0.6115024
732,Reid Residence,ELBOW PARK,1926,0.60837436
72,Austin Residence,ELBOW PARK,1922,0.6081342
801,Shipley Residence,ELBOW PARK,1921,0.6081342
140,Burns Building,DOWNTOWN COMMERCIAL CORE,1912,0.5951695
534,Knechtel Residence,ROSEDALE,1913,0.5941777
345,Fire Hall No. 5,SCARBORO,1910,0.5931942
359,Fordyce House,ELBOW PARK,1924,0.5927294
180,Campbell Residence,ELBOW PARK,1912,0.58977634
658,North-West Travellers Building,DOWNTOWN COMMERCIAL CORE,1913,0.58932114
117,Bow Valley Ranch House,FISH CREEK PARK,1896,0.58586895
739,Rideau Park Pedestrian Bridge (Elbow River),ELBOW PARK,1934,0.5818174
832,Spurway Residence,INGLEWOOD,1900,0.57984954
617,Miller Residence,SOUTH CALGARY,1912,0.5787094
242,Colonel Walker School,INGLEWOOD,1911,0.57701576
205,Carson Block,INGLEWOOD,1912,0.5762205
622,Mission Bridge,MISSION,1915,0.56378686
470,Hunt House,INGLEWOOD,1881,0.559261
272,Cushing Bridge,SOUTHVIEW,1956,0.55817014
34,Aberhart Residence,CLIFF BUNGALOW,1927,0.55459476
47,Alberta Hide & Fur Co. Building,DOWNTOWN EAST VILLAGE,1907,0.5505747
555,Lineham Block,DOWNTOWN COMMERCIAL CORE,1886,0.548765
238,College Apartments,CLIFF BUNGALOW,1911,0.5475692
37,AGT Building - Hillhurst Exchange,HILLHURST,1922,0.54433775
573,Macnaghten Block,DOWNTOWN COMMERCIAL CORE,1888,0.5442423
250,Coram residence,RIDEAU PARK,1914,0.53964764
590,McAra (Mackie) Residence,ROSEDALE,1914,0.53748465
163,Calgary Herald Block (Calgary Wine & Spirit),DOWNTOWN COMMERCIAL CORE,1887,0.53715736
721,Raduloff Residence,RICHMOND,1953,0.5359759
628,Moore Residence,SHAGANAPPI,1912,0.53573054
462,Hone Ranch House,SOUTHWOOD,1910,0.53528047
637,National Hotel,INGLEWOOD,1910,0.53421575
171,Calgary Plumbing & Heating/Tyndale Memorial Bible House,DOWNTOWN COMMERCIAL CORE,1926,0.53410554
956,William and Florence Thompson Residence,ROXBORO,1928,0.53408015
396,Gordon Suites,CLIFF BUNGALOW,1929,0.53330076
572,MacMillan Residence,SOUTH CALGARY,1912,0.53276974
501,James and Emma Moore Residence,SOUTH CALGARY,1912,0.53276974
62,Army & Navy Store,DOWNTOWN COMMERCIAL CORE,1928,0.5325589
976,York Hotel,DOWNTOWN COMMERCIAL CORE,1930,0.53229046
630,Morgan Residence,ELBOW PARK,1911,0.528421
248,Connaught School,BELTLINE,1910,0.5271855
428,Hayden Block,HILLHURST,1912,0.5269846
618,Millican Residence,ELBOW PARK,1914,0.52629554
664,O'Connell House & Out Buildings,SPRINGBANK HILL,1912,0.5247055
891,Templeton Residence,SCARBORO,1915,0.52452326
232,Clarke-Love Residence,SCARBORO,1929,0.5214124
688,Paskapoo Slope Archaeological Sites,PATTERSON,1912,0.52132297
619,Millican Residence (Twin Gables),CLIFF BUNGALOW,1914,0.52130073
827,Speer Residence,ELBOW PARK,1910,0.5199634
838,St. Barnabas Anglican Church,HILLHURST,1912,0.5191561
895,Thompson Residence,HILLHURST,1911,0.51761675
96,Belisle Residence,MISSION,1912,0.51572174
892,Tennant Residence,CRESCENT HEIGHTS,1927,0.5134519
410,Green Residence,CRESCENT HEIGHTS,1922,0.51320004
745,River Park (Sandy Beach) Pedestrian Bridge,ALTADORE,1959,0.5122953
314,East Calgary (Inglewood) Bridge,DOWNTOWN EAST VILLAGE,1908,0.5110045
556,Lineham Block (1889),DOWNTOWN COMMERCIAL CORE,1889,0.51075065
795,Sharon Evangelical Lutheran Church,CRESCENT HEIGHTS,1931,0.51071304
376,Garden Residence,ELBOW PARK,1913,0.510383
548,Laurence Apartments,CLIFF BUNGALOW,1930,0.50852764
102,Biles Residence,TUXEDO PARK,1929,0.5085029
206,Carson Residence,ELBOW PARK,1953,0.5076729
515,John Keim/Mary J. Reavley Residence,MOUNT PLEASANT,1917,0.50406617
392,Glenmore Dam,GLENMORE PARK,1932,0.5038126
896,Thomson Brothers Block,DOWNTOWN COMMERCIAL CORE,1893,0.5035393
203,Carlyle Residence,SCARBORO,1915,0.5032745
5,10th Calgary Troop Boy Scout Hall (Sara Scout Hall),RIDEAU PARK,1927,0.5014434
478,Inglewood Lawn Bowling Club,INGLEWOOD,1936,0.5002677
913,Tyler Residence,CRESCENT HEIGHTS,1928,0.49975276
586,Max Block,DOWNTOWN EAST VILLAGE,1912,0.4994916
773,Sanderson Residence - Hillhurst,HILLHURST,1912,0.49827412
415,Guichon Residence,SCARBORO,1923,0.49770296
355,Fletchers Elevator Limited,INGLEWOOD,1914,0.49766085
525,Keith Residence,CAPITOL HILL,1912,0.49514303
360,Forslund Resicence,Scarboro,1915,0.49501902
391,Glendale Texaco Service Station,ROSSCARROCK,1960,0.49479407
981,Zimmerman Residence,HILLHURST,1912,0.49448222
579,Malcolm Clair Residence,HILLHURST,1912,0.49448222
681,Palliser Hotel,DOWNTOWN COMMERCIAL CORE,1914,0.49300388
78,Balmoral Workers Cottages,TUXEDO PARK,1912,0.49250633
781,Scotland Residence,MOUNT PLEASANT,1913,0.492162
364,Franklin House Apartments,BELTLINE,1964,0.49214897
786,Scott Residence,ALTADORE,1915,0.4921117
970,Worcester Residence,SHAGANAPPI,1913,0.4903213
450,Hillhurst Presbyterian Church,HILLHURST,1912,0.4885758
857,St. Michael's Anglican Church,CRESCENT HEIGHTS,1929,0.48616782
36,AGT Building,DOWNTOWN COMMERCIAL CORE,1929,0.48553127
367,Fraser Residence,ELBOW PARK,1911,0.48218372
602,McInnes Barn,SHAWNESSY,1915,0.48038897
923,Van Wart Residence,INGLEWOOD,1886,0.47971442
526,Kemish Residence,SUNALTA,1912,0.47814682
432,Heeney Residence,LOWER MOUNT ROYAL,1912,0.4774482
746,Riverdale Avenue - Sifton Boulevard Pedestrian Bridge,ELBOW PARK,1947,0.47522205
240,Colonel Sanders Residence,ELBOW PARK,1911,0.4744413
65,Arthur M. Webb Residence,DOWNTOWN WEST END,1925,0.46980664
783,Scotsman's Hill,RAMSAY,1879,0.4697261
150,Calgary & Edmonton Railway Bridge (Bow River),BRIDGELAND/RIVERSIDE,1925,0.46963167
178,Calgary Woodworker's Building,INGLEWOOD,1911,0.46957994
968,Woods Residence,ELBOW PARK,1911,0.46408585
438,Hester Residence,ELBOW PARK,1912,0.46407968
647,New Place Cottage - No. 4,INGLEWOOD,1911,0.45953527
648,New Place Cottage - No. 6,INGLEWOOD,1911,0.45953527
649,New Place Cottage - No. 8,INGLEWOOD,1911,0.45953527
454,Himmelman Boathouse,CLIFF BUNGALOW,1926,0.45916477
708,Poplar Grove Ranch Homestead House,SPRINGBANK HILL,1896,0.45880225
594,McCormick House,SCARBORO,1912,0.45834503
606,McLellan Residence,SHAGANAPPI,1914,0.4538382
833,St. Andrew’s Presbyterian Church,INGLEWOOD,1911,0.4535839
420,Hamilton Apartments,INGLEWOOD,1912,0.45313564
93,Beaumont Circus,RENFREW,1945,0.45091408
11,1409 15 Street SW,SUNALTA,1911,0.44848645
614,Mewata Armoury,DOWNTOWN WEST END,1917,0.4461523
35,Acme Fruit Co.,DOWNTOWN COMMERCIAL CORE,1911,0.44549152
453,Hillocks Residence,Crescent Heights,1912,0.43976763
948,Western Canada High School,CLIFF BUNGALOW,1929,0.4389056
676,Original Riverside Iron Works,CRESCENT HEIGHTS,1913,0.43701437
848,St. Joseph's Roman Catholic Church,MOUNT PLEASANT,1914,0.43618777
400,Grand Trunk Cottage School,WEST HILLHURST,1911,0.43579313
540,Lancaster Building,DOWNTOWN COMMERCIAL CORE,1912,0.43121174
403,Grant Residence,PARKDALE,1912,0.43105456
53,Alfred E. McKay Residence,PARKDALE,1912,0.43105456
216,Central Methodist Church,DOWNTOWN COMMERCIAL CORE,1905,0.43069515
43,Albert Wright Residence,WINSTON HEIGHTS/MOUNTVIEW,1913,0.4305094
51,Alexander Cran Residence,WINSTON HEIGHTS/MOUNTVIEW,1913,0.4305094
561,Louis Wade Residence,WINSTON HEIGHTS/MOUNTVIEW,1913,0.4305094
368,Frederick Wright Residence,WINSTON HEIGHTS/MOUNTVIEW,1913,0.4305094
421,Harold Wright Residence,WINSTON HEIGHTS/MOUNTVIEW,1913,0.4305094
815,Skarzynski Residence,CRESCENT HEIGHTS,1912,0.4284904
223,Chinese National League (Ho Lem Block),CHINATOWN,1911,0.42501152
198,Canton Block Extension,CHINATOWN,1911,0.42501152
244,Compton Apartments,DOWNTOWN COMMERCIAL CORE,1930,0.42393196
123,Brady Residence,INGLEWOOD,1911,0.42375156
468,Hudson's Bay Company Department Store (1913),DOWNTOWN COMMERCIAL CORE,1913,0.42359886
544,Langner Spherical House,HUNTINGTON HILLS,1971,0.42201787
384,George Edworthy Residence,SCARBORO,1931,0.42071196
554,Lindsay's Folly,RIDEAU PARK,1913,0.41713104
912,Tuxedo Park School,TUXEDO PARK,1920,0.41695195
15,412 11 ST NW,HILLHURST,1912,0.41474593
762,Roughton Residence,CLIFF BUNGALOW,1912,0.41435027
430,Healy Apartments,BELTLINE,1912,0.41132402
759,Rossmore Apartments,BELTLINE,1912,0.41132402
333,Emmons Residence,South Calgary,1912,0.40988475
639,Neelands (Elliot) Residence,BANKVIEW,1912,0.40988475
276,Dalton Residence,BANKVIEW,1912,0.40988475
669,Ogden Federal Elevator,ALYTH/BONNYBROOK,1914,0.40690446
33,A.L. Crooks Residence,SCARBORO,1912,0.40681925
610,Memorial Drive,SUNNYSIDE,1922,0.40651888
740,Rideau Towers,RIDEAU PARK,1955,0.40546387
645,New East Ward (Alexandra) School,INGLEWOOD,1907,0.40403584
442,Hickle Residence,SUNALTA,1914,0.4034167
847,St. Joseph's Parish Centre,MOUNT PLEASANT,1960,0.4033277
439,Hextall (Shouldice) Bridge,MONTGOMERY,1910,0.40218964
908,Trinity Methodist Church,INGLEWOOD,1912,0.40192205
975,Yale Apartments,CLIFF BUNGALOW,1913,0.401626
959,William J. Shields Residence,INGLEWOOD,1903,0.39963657
121,Brad House K3: Currie Barracks,CURRIE BARRACKS,1938,0.39796606
844,St. John Elementary School,HILLHURST,1916,0.39785165
286,Denoon Residence,WOODBINE,1951,0.3972455
654,Norman Block,DOWNTOWN COMMERCIAL CORE,1904,0.3970619
875,Stocks (Mayor Leslie) Residence,GLENMORE PARK,1913,0.39287886
574,Macpherson Fruit Company,DOWNTOWN COMMERCIAL CORE,1905,0.3920414
511,John Coventry Residence,INGLEWOOD,1911,0.39167857
678,Oscar England Residence,INGLEWOOD,1911,0.39167857
448,Hillhurst Baptist Church,HILLHURST,1907,0.39143166
443,Hicks Block,TUXEDO PARK,1912,0.39093763
568,MacKay & Dippie Block,DOWNTOWN COMMERCIAL CORE,1909,0.39083844
399,Grain Exchange Building,DOWNTOWN COMMERCIAL CORE,1909,0.39083844
877,Strathcona School (Old),ELBOW PARK,1910,0.38995436
14,24th Avenue Cottage School,CLIFF BUNGALOW,1911,0.3871414
467,Hudson's Bay Company Department Store (1891),DOWNTOWN COMMERCIAL CORE,1891,0.38661224
736,Ricardo Ranch,SETON,1887,0.38612077
907,Trinity Lutheran Church,EAU CLAIRE,1910,0.38594228
404,Graphic Arts (Western Printing) Building,EAU CLAIRE,1911,0.385509
219,Chapin Residence,UPPER MOUNT ROYAL,1912,0.38231185
971,Worker's Cottages,MANCHESTER,1913,0.38211504
317,East End Livery,INGLEWOOD,1909,0.37999237
366,Fraser Block,INGLEWOOD,1911,0.3769196
162,Calgary Hardware,DOWNTOWN COMMERCIAL CORE,1891,0.37476406
471,Hunter Block (Riley Park Grocery),HILLHURST,1912,0.37448257
930,W.O. Mitchell Residence,ROXBORO,1946,0.37394038
10,12 Mile Coulee Archaeological Sites,TUSCANY,1912,0.372649
155,Calgary Brewing & Malting Co. Site,INGLEWOOD,1875,0.37051266
401,Grand Trunk Pacific Railway Bridge (Bonnybrook),OGDEN,1911,0.3702034
412,Gresham Block,INGLEWOOD,1911,0.36777675
541,Landeryou Residence,CRESCENT HEIGHTS,1913,0.3672099
423,Harvard Apartments,LOWER MOUNT ROYAL,1912,0.36571306
54,Alfred S. McKay Residence,POINT MCKAY,1905,0.3638989
646,New Place Cottage - No. 10,INGLEWOOD,1913,0.363715
937,Watson Residence,ROSEDALE,1911,0.36346897
717,Queen Elizabeth Junior and Senior  High School,HILLHURST,1930,0.3628877
904,Triad Building,DOWNTOWN COMMERCIAL CORE,1956,0.362279
153,Calgary Brewing & Malting Co. – Boiler House & Smokestack,INGLEWOOD,1905,0.3612928
81,Bank of Nova Scotia - West End Branch,LOWER MOUNT ROYAL,1927,0.35756716
551,Leeson & Lineham Block,DOWNTOWN COMMERCIAL CORE,1910,0.35756662
224,Chinese National League Hall,CHINATOWN,1954,0.35748732
504,Jefferies Park,RAMSAY,1934,0.35706073
77,Balmoral School,TUXEDO PARK,1914,0.35694283
281,Davidson Residence,ROSEDALE,1913,0.35672876
633,Mount Royal Block,LOWER MOUNT ROYAL,1911,0.35601428
192,Canadian Pacific Railway Bonnybrook Bridge,OGDEN,1912,0.3558975
346,Fire Hall No. 5 (1952),SOUTH CALGARY,1952,0.35570708
92,Beaudry House,ELBOW PARK,1932,0.35543466
220,Chevra Kadisha Chapel,SCARBORO,1961,0.35517234
222,Chinese Masonic Hall,CHINATOWN,1912,0.35467142
377,Garry Theatre,INGLEWOOD,1936,0.35432044
294,Doberer Residence,BANKVIEW,1913,0.35358065
235,Colborne Residence,BANKVIEW,1913,0.35358065
141,Burnsland Cemetery,MANCHESTER INDUSTRIAL,1923,0.35304424
447,Hillcrest Texaco Service Station,RENFREW,1959,0.3524006
440,Hextall Residence,BOWNESS,1912,0.35008785
75,Balmoral Bungalow School,TUXEDO PARK,1919,0.34997877
686,Parkhill Public School,PARKHILL,1912,0.34921724
531,King George Masonic Hall,HILLHURST,1926,0.34914133
672,Olympic Oval,UNIVERSITY OF CALGARY,1985,0.3486658
226,Christ Church,ELBOW PARK,1933,0.3484307
578,Mahood Farm House,SPRINGBANK HILL,1929,0.34730238
290,Diamond Residence,DOWNTOWN COMMERCIAL CORE,1912,0.3458205
211,Centennial Planetarium,DOWNTOWN WEST END,1967,0.3453184
876,Strand Apartments,MISSION,1920,0.34453163
44,Alberta Block,DOWNTOWN COMMERCIAL CORE,1903,0.34420946
27,841 18 Avenue SW,LOWER MOUNT ROYAL,1910,0.34271988
84,Bank of Toronto Building,DOWNTOWN COMMERCIAL CORE,1953,0.3422377
63,Arthur Anderson Residence,INGLEWOOD,1912,0.34222406
809,Simmons (McCullough) House,UPPER MOUNT ROYAL,1910,0.34201336
398,Graham Residence,SCARBORO,1913,0.34013757
640,Neilson Block,DOWNTOWN COMMERCIAL CORE,1903,0.339481
356,Flexford House,MISSION,1914,0.33933115
764,Royal Bank of Canada Building,DOWNTOWN COMMERCIAL CORE,1953,0.33835757
257,CPR Ogden Shops - Freight Car Repair Shop,OGDEN SHOPS,1913,0.33799905
260,CPR Ogden Shops - Tender & Wheel Shop,OGDEN SHOPS,1913,0.33799905
195,Canadian Pacific Railway Ogden Shops,OGDEN SHOPS,1913,0.33799905
259,CPR Ogden Shops - Storehouse and Office Building,OGDEN SHOPS,1913,0.33799905
258,CPR Ogden Shops - Locomotive Shop,OGDEN SHOPS,1913,0.33799905
365,Fraser & Seabloom Block,INGLEWOOD,1912,0.33776227
631,Morris Residence,INGLEWOOD,1907,0.3374079
969,Woollard Residence,MISSION,1911,0.3372219
727,Ranlett Residence,MISSION,1911,0.3372219
691,Pattison Residence,MISSION,1911,0.3372219
338,Ferguson Residence,MISSION,1911,0.3372219
236,Colgrove Apartments,BELTLINE,1912,0.33611944
567,MacDonald (Mount Royal) Apartments,BELTLINE,1915,0.33446354
39,AGT Elbow Park South Exchange,ELBOW PARK,1967,0.33398938
154,Calgary Brewing & Malting Co. – Engine Room & Water Well,INGLEWOOD,1913,0.33261326
190,Canadian Northern Railway Bridge (Ogden Road),OGDEN,1913,0.33257145
188,Canadian Northern Railway Bridge (Bow River),OGDEN,1913,0.33257145
427,Haultain School,BELTLINE,1894,0.3303206
552,Leggett Residence,CRESCENT HEIGHTS,1939,0.33012718
897,Tigerstedt Block,CRESCENT HEIGHTS,1928,0.32896242
98,Bennett Building B6: Currie Barracks,CURRIE BARRACKS,1936,0.32856002
99,Bessborough Building B7: Currie Barracks,CURRIE BARRACKS,1936,0.32856002
700,Phipps Residence,WEST HILLHURST,1910,0.32847798
689,Paterson Residence,MOUNT PLEASANT,1913,0.32843012
265,Crescent Heights Methodist Church,TUXEDO PARK,1933,0.32706776
71,Aulock Villa,SPRINGBANK HILL,1910,0.32590303
770,Sacred Heart Roman Catholic Church,Sunalta,1947,0.3248497
887,T.C. Power & Bro.,DOWNTOWN COMMERCIAL CORE,1885,0.32480988
846,St. John's Church,HILLHURST,1953,0.32440877
181,Campion Residence,Renfrew,1912,0.3237622
660,Norwood Apartments,BELTLINE,1912,0.32256693
635,Musgrove Residence,CRESCENT HEIGHTS,1910,0.31843248
247,Connacher Residence,UPPER MOUNT ROYAL,1911,0.31841868
607,McPhail Residence,UPPER MOUNT ROYAL,1911,0.31841868
695,People's Meat Market,INGLEWOOD,1909,0.318109
101,Big Four Building,BELTLINE,1959,0.3176946
940,Weissgerber Residence,SUNALTA,1904,0.31231937
320,Eau Claire & Bow River Lumber Co.,EAU CLAIRE,1903,0.31156006
787,Seablom Block,INGLEWOOD,1910,0.31107628
463,Hornibrook Residence,UPPER MOUNT ROYAL,1913,0.31057572
509,Jewish Cemetery,ERLTON,1904,0.30526865
197,Canton Block,CHINATOWN,1910,0.30472323
980,Zaluski Residence,Ramsay,1911,0.30450618
502,James and Louie Taylor Residence,SOUTH CALGARY,1912,0.3033955
726,Ranchmen's Club,BELTLINE,1914,0.3026181
915,Ukrainian Cultural Centre,KILLARNEY/GLENGARRY,1953,0.3017229
108,Black Block,INGLEWOOD,1904,0.30010724
131,British America Paint Co.,DOWNTOWN COMMERCIAL CORE,1910,0.29992202
929,W.H. Birkenshaw Residence,BELTLINE,1908,0.2984922
952,Weston Bakery (Golden West Bakery),BELTLINE,1929,0.29829994
362,Francis Residence,HILLHURST,1911,0.2968903
397,Grace Presbyterian Church,BELTLINE,1911,0.29659975
351,First Baptist Church,BELTLINE,1911,0.29659975
9,12 Avenue Elbow River Bridge,BELTLINE,1911,0.29487485
336,Evangelical Lutheran Immanuel Church,CRESCENT HEIGHTS,1902,0.29256737
61,Anthony Brown Residence,SOUTH CALGARY,1913,0.2923775
231,Clarence Block,DOWNTOWN COMMERCIAL CORE,1901,0.2902217
497,Jacques Jewellery Store,DOWNTOWN COMMERCIAL CORE,1893,0.29016945
898,Tivoli Theatre,CLIFF BUNGALOW,1937,0.28988388
358,Ford Motor Company of Canada Warehouse,BELTLINE,1922,0.28918982
853,St. Mary's Parish (1955),MISSION,1955,0.28774115
156,Calgary Builders' Exchange Building,WEST HILLHURST,1965,0.28705674
109,Blackfoot Texaco Service Station,INGLEWOOD,1966,0.286963
873,Stepney Residence,MISSION,1907,0.2862301
280,Darrach Residence,SUNALTA,1909,0.28529313
348,Fire Hall No. 6 (1964),WEST HILLHURST,1964,0.28372714
824,Southern Alberta Jubilee Auditorium,HILLHURST,1957,0.28295973
166,Calgary Masonic Temple,BELTLINE,1928,0.28263134
592,McClary Residence,GLENBROOK,1929,0.282206
113,Blyth Block,INGLEWOOD,1923,0.28196245
879,Strong Coach House,UPPER MOUNT ROYAL,1911,0.28062177
793,Shaganappi Point Golf Course,SHAGANAPPI,1915,0.2805267
189,Canadian Northern Railway Bridge (Mission),MISSION,1913,0.2802661
173,Calgary Sports Car Club Clubhouse,SADDLE RIDGE INDUSTRIAL,1961,0.280189
263,Crescent Heights High School,CRESCENT HEIGHTS,1928,0.28006163
389,Glanville (Ward) Block,DOWNTOWN COMMERCIAL CORE,1899,0.2799792
966,Wolfe (Bouck) Residence,UPPER MOUNT ROYAL,1929,0.2798943
95,Befus Block,INGLEWOOD,1910,0.27928725
302,Dougall Block,INGLEWOOD,1910,0.27928725
353,First Church of Christ Scientist,BELTLINE,1927,0.27877834
715,Quarry Road,SPRUCE CLIFF,1895,0.27754766
327,Elbow Park School,ELBOW PARK,1926,0.27580693
183,Canada Malting Company,ALYTH/BONNYBROOK,1912,0.27318388
149,C.P.R. Worker's Cottage - 636 12 AV SE,BELTLINE,1906,0.27248943
791,Sevenoaks Court,INGLEWOOD,1913,0.27180907
191,Canadian Pacific Railway Alyth Yard,ALYTH/BONNYBROOK,1911,0.27175912
946,Western (Kraft) Building,DOWNTOWN COMMERCIAL CORE,1907,0.2716573
600,McFarlane & Northcott Block (Turner-Hicks),DOWNTOWN COMMERCIAL CORE,1907,0.2716573
758,Roma Grocery,CRESCENT HEIGHTS,1910,0.26733428
806,Sien Lok Park,CHINATOWN,1982,0.26729727
484,Isabella Block,BANKVIEW,1910,0.26598218
869,Stanley Jones School,RENFREW,1913,0.26585022
88,Bates Electric Welding,ALYTH/BONNYBROOK,1919,0.265254
917,Union Cemetery,MANCHESTER INDUSTRIAL,1891,0.26441452
284,Deane House,INGLEWOOD,1906,0.2642895
943,Wesley United Church,BELTLINE,1911,0.2637395
624,Moderne House,MOUNT PLEASANT,1944,0.26277763
724,Ramshead House & Summer House K4: Currie Barracks,CURRIE BARRACKS,1936,0.26268664
667,Officers' Mess & Formal Gardens J5: Currie Barracks,CURRIE BARRACKS,1936,0.26268664
856,St. Mary's School,MISSION,1909,0.26121366
772,Sanders Residence,DOWNTOWN EAST VILLAGE,1901,0.26103038
85,Bannerman Block,MISSION,1911,0.26099145
680,Palfreyville Apartments,SUNNYSIDE,1911,0.26034474
130,Britannia Building,DOWNTOWN COMMERCIAL CORE,1958,0.26024354
830,Spillers Canadian Milling Company,ALYTH/BONNYBROOK,1927,0.2602192
120,Bowness Town Hall,BOWNESS,1956,0.25924134
444,High School Terrace,BELTLINE,1910,0.25802904
545,Lannan Residence,UPPER MOUNT ROYAL,1919,0.25790614
296,Doll Block,DOWNTOWN COMMERCIAL CORE,1907,0.2577867
817,Smalley's Radio Ltd.,DOWNTOWN WEST END,1953,0.25749674
955,Wiggins Duplex,BRIDGELAND/RIVERSIDE,1911,0.25715417
381,George Befus Residence,BRIDGELAND/RIVERSIDE,1911,0.25715417
761,Rothermal Residence,BRIDGELAND/RIVERSIDE,1911,0.25715417
50,Alexander Befus Residence,BRIDGELAND/RIVERSIDE,1911,0.25715417
723,Ramsay School,RAMSAY,1912,0.2566886
883,Summers Block,BANKVIEW,1913,0.2545212
343,Fire Hall No. 3 (1952),INGLEWOOD,1952,0.25139648
776,Savage Residence,BELTLINE,1906,0.2512288
225,Chinese United Church,CHINATOWN,1953,0.24966511
310,Duplex/Boarding House,BELTLINE,1910,0.24811871
110,Blow Block,INGLEWOOD,1908,0.24806856
738,Rideau Elementary and Junior High School,RIDEAU PARK,1930,0.24806078
867,Standard Soap Company,ALYTH/BONNYBROOK,1905,0.24754755
73,Avonlea Apartments,MISSION,1914,0.24752776
954,Whiteman Residence,RENFREW,1913,0.2471674
804,Sibley Apartments,MISSION,1913,0.24662085
616,Midnapore School,MIDNAPORE,1928,0.24518052
309,Duplex Residences - 1318 3 ST SE,BELTLINE,1908,0.24481282
308,Duplex Residences - 1314 3 ST SE,BELTLINE,1908,0.24481282
659,Northwestern Brass Foundry,ALYTH/BONNYBROOK,1913,0.24479009
919,Union Cemetery Mortuary,MANCHESTER INDUSTRIAL,1908,0.24428502
456,Hoare Residence,BOWNESS,1928,0.24289306
945,Westbourne Baptist Church,BELTLINE,1910,0.24104886
668,Ogden Block,OGDEN,1913,0.2405472
479,Inglis-McNeill (Mission Cycle) Building,MISSION,1910,0.23972246
426,Haskins Block,INGLEWOOD,1908,0.23970394
863,St. Stephen's Memorial Hall,BELTLINE,1923,0.23837233
909,Trotter Residence,SUNALTA,1929,0.237504
354,First Street West Subway,DOWNTOWN COMMERCIAL CORE,1908,0.23612146
684,Parade Square at Currie Barracks,CURRIE BARRACKS,1936,0.23610403
865,Stables Building No. 11 - Quarter Masters Stores - D4: Currie Barracks,CURRIE BARRACKS,1936,0.23610403
569,MacKay Residence,SUNALTA,1910,0.2358016
506,Jehovah Lutheran Church,BRIDGELAND/RIVERSIDE,1920,0.23543137
128,Brigden Grocery Store,BELTLINE,1909,0.23539735
97,Bell Block,BELTLINE,1909,0.23539735
922,Utilities Building,DOWNTOWN COMMERCIAL CORE,1939,0.23514959
457,Hodder (Hull) Block,DOWNTOWN COMMERCIAL CORE,1901,0.23452194
765,Rundle Ruins/General Hospital #2,BELTLINE,1899,0.23436758
972,Wright Block,MISSION,1912,0.23395187
840,St. Gabriel’s Anglican Church (original),HIGHLAND PARK,1913,0.23366174
852,St. Mary's Cemetery,ERLTON,1935,0.2334086
769,Sacred Heart Convent,MISSION,1894,0.23277707
105,Bishop's Palace,ROSEDALE,1911,0.23139256
742,Riley Lodge,WEST HILLHURST,1911,0.23139256
193,Canadian Pacific Railway Bowness Bridges,SILVER SPRINGS,1912,0.23108092
134,Brotherhood of Mankind Statues,DOWNTOWN COMMERCIAL CORE,1967,0.23014686
13,1711 11 Avenue SW,SUNALTA,1912,0.2300028
271,Curtis Residence,SUNALTA,1912,0.2300028
973,Wright Residence,DALHOUSIE,1934,0.22988486
694,Penny Lane Complex,DOWNTOWN COMMERCIAL CORE,1906,0.2298739
304,Dr. Messenger House,ELBOW PARK,1931,0.22861052
383,George Clift King Residence,PARKDALE,1911,0.22818075
323,Edge Block,BELTLINE,1913,0.22780116
138,Burdett Residence,SUNALTA,1929,0.22743005
387,Giffin (Despins) Residence,CLIFF BUNGALOW,1913,0.22739401
256,CPR Irrigation Block - Western Section Headworks and Canal,BRIDGELAND/RIVERSIDE,1912,0.22704102
583,Maple Leaf Mills (Original Location),ALYTH/BONNYBROOK,1905,0.22618958
542,Lang Residence,MISSION,1910,0.22553669
425,Harvey Hall D9: Currie Barracks,CURRIE BARRACKS,1940,0.22495732
728,RCAF Hangar No. 6,CURRIE BARRACKS,1940,0.22495732
536,Knoepfi (Hicks) Residence,BELTLINE,1910,0.22401007
185,Canadian Bank of Commerce,BELTLINE,1912,0.22350149
221,Chinese Cemetery,ERLTON,1908,0.22331147
553,Linda Mae Block,CHINATOWN,1950,0.2223977
960,Williams Block,BELTLINE,1926,0.22225435
720,Radio Block,BELTLINE,1922,0.22225435
321,Eau Claire Smokestack,EAU CLAIRE,1947,0.22196573
152,Calgary Brewing & Malting Co. - Administrative Building,INGLEWOOD,1907,0.22162123
69,Aull (Sheftel) Block,INGLEWOOD,1907,0.22162123
699,Phillips Residence,BOWNESS,1928,0.22107717
38,AGT Elbow Park (Peter Rule),ELBOW PARK,1939,0.21982852
278,Dann Residence,RENFREW,1912,0.2195692
229,Church Residence,RENFREW,1912,0.2195692
888,T.R. Stuart & Co.,DOWNTOWN COMMERCIAL CORE,1908,0.21925865
482,Irvine House,UPPER MOUNT ROYAL,1906,0.21674466
823,Southam Chambers (Herald Building),DOWNTOWN COMMERCIAL CORE,1940,0.21592036
843,St. James Catholic Church,NORTH GLENMORE PARK,1966,0.21559481
287,Deutsch Canadier Block (Eastern Block),BELTLINE,1910,0.21429695
914,U of C River Cooling Water Pump Station,POINT MCKAY,1966,0.2132676
405,Graves Residence,BELTLINE,1907,0.21218796
872,Stephenson & Co Building,BELTLINE,1911,0.20925574
826,Sparrow Residence,GLENBROOK,1910,0.20904452
977,Young Block,MISSION,1912,0.20862664
918,Union Cemetery Caretaker's Cottage,MANCHESTER INDUSTRIAL,1900,0.20842977
168,Calgary Moravian Church,BRIDGELAND/RIVERSIDE,1913,0.2076016
750,Riverside Bungalow School No. 2,BRIDGELAND/RIVERSIDE,1920,0.20710027
767,Rutherford Hardware Store,INGLEWOOD,1901,0.20666535
148,C.P.R. Worker's Cottage - 632 12 AV SE,BELTLINE,1906,0.20624821
146,C.P.R. Worker's Cottage - 628 12 AV SE,BELTLINE,1906,0.20624821
147,C.P.R. Worker's Cottage - 630 12 AV SE,BELTLINE,1906,0.20624821
144,C.P.R. Worker's Cottage - 624 12 AV SE,BELTLINE,1906,0.20624821
145,C.P.R. Worker's Cottage - 626 12 AV SE,BELTLINE,1906,0.20624821
8,118-120 9 Street NW,SUNNYSIDE,1910,0.2058407
671,Oliver Residence,BELTLINE,1906,0.20464984
663,"Nurses Home, General Hospital",BRIDGELAND/RIVERSIDE,1911,0.20429751
903,Tregillus Residence,PARKDALE,1911,0.20344943
352,First Baptist Church Manse,BELTLINE,1911,0.20319244
494,Jackson Ranch House,SHAGANAPPI,1906,0.20132521
201,Cappy Smart Residence,SUNNYSIDE,1914,0.20094912
932,Wallace Residence,SCARBORO,1912,0.20076686
812,Simpsons Sears,HOUNSFIELD HEIGHTS/BRIAR HILL,1958,0.19990268
56,Allan Residence,ROSEDALE,1951,0.19846502
419,Hamblin Residence,BOWNESS,1912,0.19824082
729,RCASC Supply Depot No. 23 - C3: Currie Barracks,CURRIE BARRACKS,1936,0.19776943
632,Motor Transport Garage No. 25 - C5: Currie Barracks,CURRIE BARRACKS,1936,0.19776943
357,Forage Barn No. 25 - C6: Currie Barracks,CURRIE BARRACKS,1936,0.19776943
103,Birtch Residence,PARKDALE,1912,0.19759195
446,Hill Residence,PARKDALE,1912,0.19759195
264,Crescent Heights Library,CRESCENT HEIGHTS,1939,0.1968662
936,Warrant Officers & Sergeants Quarters A2: Currie Barracks,CURRIE BARRACKS,1935,0.19604176
947,Western (Underwood) Block,BELTLINE,1905,0.19582225
409,Great West Liquor Co. Warehouse,BELTLINE,1911,0.19544302
870,Stanley Residence,BELTLINE,1908,0.19488628
683,Paperny Residence,UPPER MOUNT ROYAL,1932,0.19467816
239,Colonel Belcher Hospital,BELTLINE,1942,0.19447374
963,Wilson Apartments,SUNALTA,1913,0.19440384
546,Larson Residence,ROSEDALE,1952,0.19421446
713,Pryce-Jones Department Store,BELTLINE,1911,0.19370237
866,Stampede Corral,BELTLINE,1950,0.19338433
306,Duckworth Residence,CRESCENT HEIGHTS,1912,0.19322754
808,Simington Co. Wholesale Grocery Warehouse,BELTLINE,1914,0.19271111
331,Elsworth (Gosnik) Residence,DOWNTOWN WEST END,1911,0.19250295
596,McCutcheon Residence,LOWER MOUNT ROYAL,1911,0.19250295
692,Pauli Residence,SCARBORO,1913,0.19244623
651,NJ McLaren Residence,CLIFF BUNGALOW,1910,0.19168736
722,Rae House,UPPER MOUNT ROYAL,1912,0.19074261
507,Jenkins' Groceteria No. 12,BELTLINE,1926,0.19057906
851,St. Mary's Cathedral,MISSION,1957,0.19053736
466,House of Israel,MISSION,1930,0.18829939
473,Hutchison Residence,ELBOYA,1913,0.18795128
90,Bay Parkade,DOWNTOWN COMMERCIAL CORE,1956,0.18789466
371,G.C. King Residence,UPPER MOUNT ROYAL,1926,0.18755719
673,Olympic Plaza,DOWNTOWN COMMERCIAL CORE,1987,0.18689151
395,Gordon Residence,KILLARNEY/GLENGARRY,1912,0.18688674
431,Heath Block,BELTLINE,1912,0.1862255
127,Brigden Block,BELTLINE,1912,0.1862255
493,J.W.C. Block,BELTLINE,1912,0.1862255
124,Brick Duplex,BELTLINE,1907,0.18377401
591,McBride Hardware Co.  Warehouse,BELTLINE,1911,0.18343444
289,Devenish Estate,UPPER MOUNT ROYAL,1911,0.18334906
581,Malden (Link) Residence,UPPER MOUNT ROYAL,1930,0.18292844
319,Eaton Residence,UPPER MOUNT ROYAL,1932,0.18292844
489,J.H. Ashdown Warehouse,BELTLINE,1909,0.18288375
177,Calgary Wine & Spirit Co. Warehouse,BELTLINE,1909,0.18288375
293,Dinny the Dinosaur,BRIDGELAND/RIVERSIDE,1935,0.1821492
629,Morasch Block,BRIDGELAND/RIVERSIDE,1911,0.18103383
295,Dodds House,UPPER MOUNT ROYAL,1930,0.18088312
754,Roberts Residence,SUNALTA,1910,0.18059115
230,City Hangar - Calgary Municipal Airport (#2),CALGARY INTERNATIONAL AIRPORT,1939,0.17961873
194,Canadian Pacific Railway Bridge (Fish Creek),FISH CREEK PARK,1907,0.17940159
270,Curtis Block,BELTLINE,1909,0.17931908
136,Brown Residence,UPPER MOUNT ROYAL,1927,0.1789073
104,Bishop's House (Anglican),UPPER MOUNT ROYAL,1914,0.17844427
324,Edmonds Block,BELTLINE,1913,0.17837301
424,Harvey Block,BELTLINE,1913,0.17837301
620,Miquelon Residence,UPPER MOUNT ROYAL,1929,0.1773126
132,British American Oil Company Refinery,INGLEWOOD,1939,0.17663845
609,Medical Centre Building,DOWNTOWN COMMERCIAL CORE,1957,0.17652752
212,Central High School,BELTLINE,1907,0.17631447
690,Patrick Residence,UPPER MOUNT ROYAL,1926,0.17614321
311,Eagle Hall / Hale Bros Building,BELTLINE,1905,0.17609315
160,Calgary Electric Substation #1,DOWNTOWN COMMERCIAL CORE,1935,0.17607258
834,St. Andrew's United Church,CHINOOK PARK,1961,0.17487918
300,Donegal Mansions,SUNNYSIDE,1931,0.1743676
696,Petro Chemical Building,DOWNTOWN COMMERCIAL CORE,1956,0.17369999
580,Malcolm Davis Residence,UPPER MOUNT ROYAL,1912,0.17352386
901,Traunweiser Residence,UPPER MOUNT ROYAL,1912,0.17352386
477,Inglewood Community Hall,INGLEWOOD,1967,0.1735156
508,Jennison (Dingman) Residence,CLIFF BUNGALOW,1909,0.17350195
670,Ogden Residence,CLIFF BUNGALOW,1909,0.17350195
279,Darling Residence,CLIFF BUNGALOW,1909,0.17350195
157,Calgary Chinese Cultural Center,CHINATOWN,1992,0.17252325
855,St. Mary's Rectory and Parish Office,MISSION,1958,0.17237478
731,Reconciliation Bridge,BRIDGELAND/RIVERSIDE,1910,0.17150715
533,King Residence,SUNNYSIDE,1912,0.17120501
582,Manning Residence,UPPER MOUNT ROYAL,1912,0.17082565
111,Blow Residence,UPPER MOUNT ROYAL,1912,0.17082565
744,Ritchie Apartments,CLIFF BUNGALOW,1941,0.17035991
234,Club Carousel,BELTLINE,1905,0.17010897
950,Western Steel Products Plant,RAMSAY,1919,0.16996181
496,Jacques Funeral Home,BELTLINE,1937,0.16910726
32,A. B. Cushing Lumber Company,BELTLINE,1912,0.16846423
584,Massey-Harris Co. Warehouse,BELTLINE,1912,0.16846423
373,G.F. Stephens & Company Paint Warehouse,BELTLINE,1912,0.16846423
753,Roberts Block,BELTLINE,1912,0.16846423
66,Assumption of the Blessed Virgin Mary Ukrainian Catholic Church,RENFREW,1956,0.16767555
862,St. Stephen's Manse (Rectory),BELTLINE,1909,0.16758159
485,Iverson Residence,BOWNESS,1934,0.16754347
802,Shouldice (Dutton) Residence,UPPER MOUNT ROYAL,1929,0.16688782
434,Herald Mechanical Building,DOWNTOWN COMMERCIAL CORE,1964,0.16644609
771,Sales Residence,BELTLINE,1904,0.16561826
734,Residence/Boarding House,BELTLINE,1902,0.16427231
505,Jefferies Residence,RAMSAY,1912,0.16341354
126,Bridgeland School,BRIDGELAND/RIVERSIDE,1921,0.16335979
701,Pierson Residence,UPPER MOUNT ROYAL,1912,0.16327764
283,Dawson Residence,UPPER MOUNT ROYAL,1912,0.16327764
871,Stein Apartments,BELTLINE,1911,0.1627491
564,Lowe Residence,BELTLINE,1911,0.1627491
687,Pascoe Residence,UPPER MOUNT ROYAL,1911,0.16243896
129,Brigden Shops,BELTLINE,1910,0.16216204
563,Louise Block,BELTLINE,1910,0.16216204
565,Lyon's Confectionery Building,INGLEWOOD,1946,0.16165456
861,St. Stephen’s Anglican Church and Education Building,BELTLINE,1952,0.16125564
803,Shuler's Grocery,BRIDGELAND/RIVERSIDE,1912,0.16122971
196,Cannibale Block,BRIDGELAND/RIVERSIDE,1912,0.16122971
385,Gerlitz Block,BRIDGELAND/RIVERSIDE,1912,0.16122971
374,Gallelli Block,BRIDGELAND/RIVERSIDE,1912,0.16122971
413,Greyhound Building,CHINATOWN,1946,0.16064489
837,"St. Augustine’s Anglican Church, Manse, and Parish Hall",OGDEN,1912,0.16005853
301,"Donnelly, Watson & Brown Warehouse",BELTLINE,1910,0.1597305
372,G.F. & J. Galt & Co. Wholesale Grocers Warehouse,BELTLINE,1910,0.1597305
334,Engle Building,BELTLINE,1912,0.15926975
693,"Pellatt Block B8, Currie Barracks",CURRIE BARRACKS,1952,0.15798925
893,Teskey Residence,BELTLINE,1912,0.15783127
775,Sandringham Apartments,BELTLINE,1912,0.15783127
370,Fyshe House,UPPER MOUNT ROYAL,1913,0.15746942
621,Mire Katchen Residence,UPPER MOUNT ROYAL,1954,0.15713792
657,Northern Electric Co. Warehouse,BELTLINE,1913,0.15525804
169,Calgary Paint & Glass Co. Warehouse,BELTLINE,1913,0.15525804
702,Pilkington Paint & Glass,BELTLINE,1913,0.15525804
813,Sinclair Residence,RAMSAY,1911,0.15505077
277,Daniel McNeil Residence,CLIFF BUNGALOW,1910,0.15457913
335,Ernest S Leonard Residence,CLIFF BUNGALOW,1910,0.15457913
480,Inland Cement Industries Office Building,FOOTHILLS,1963,0.15389402
705,Plunkett & Savage Warehouse,BELTLINE,1950,0.15379345
40,AGT Warehouse,BELTLINE,1921,0.15366629
476,Imperial Tobacco Warehouse,BELTLINE,1929,0.15313613
481,International Harvester Co. of Canada Showroom and Service Station,BELTLINE,1929,0.15313613
488,J.H. Ashdown Hardware Warehouse,DOWNTOWN COMMERCIAL CORE,1952,0.15263914
379,General Motors Warehouse,BELTLINE,1931,0.15243338
623,Model Milk Building,BELTLINE,1933,0.1522261
880,Stuart Residence,UPPER MOUNT ROYAL,1910,0.15179044
816,Smalley Residence,SUNNYSIDE,1910,0.14935979
213,Central High School Addition,BELTLINE,1940,0.14873302
268,Cross Residence (Hextall Home),BOWNESS,1913,0.14870287
933,Wallace Residence (Hextall home),BOWNESS,1913,0.14870287
461,Holy Trinity Church,FOREST LAWN,1962,0.14758566
330,Ellison Milling & Elevator Co.,BELTLINE,1928,0.14752726
613,Metals Limited Warehouse,BELTLINE,1928,0.14752726
725,Ranchlands Hills Parks,RANCHLANDS,1976,0.1474224
70,Aull Block #1 & #2,BELTLINE,1908,0.14736503
41,Aikenhead Residence,UPPER MOUNT ROYAL,1929,0.14703806
868,Stanley Jones Grocery,RENFREW,1913,0.1457489
543,Langley Residence,BANKVIEW,1910,0.14499357
133,Broatch Residence,INGLEWOOD,1902,0.1448168
942,Wellington Terrace,SUNNYSIDE,1911,0.1446958
679,Our Lady Queen of Peace Roman Catholic Church,UNIVERSITY HEIGHTS,1968,0.143881
339,Field Residence,WEST HILLHURST,1892,0.143679
831,Sprenger Residence,WEST HILLHURST,1895,0.143679
665,Oddfellows' Hall,INGLEWOOD,1950,0.14235556
433,Henry Residence,SHAGANAPPI,1914,0.14224869
204,Carscallen Block,SUNNYSIDE,1911,0.14219141
652,No.11 RCAF Equipment and Storage Depot Warehouses,ALYTH/BONNYBROOK,1940,0.14129487
603,McIntyre Residence,RAMSAY,1910,0.14039046
45,Alberta Distillers,ALYTH/BONNYBROOK,1949,0.13962759
170,Calgary Petroleum Club,DOWNTOWN COMMERCIAL CORE,1957,0.13853331
882,Suitor Residence,INGLEWOOD,1908,0.13802126
458,Holiday Inn (Ramada Hotel),DOWNTOWN COMMERCIAL CORE,1964,0.137913
303,Doyle Residence,UPPER MOUNT ROYAL,1910,0.1379088
299,Dominion Bridge/Riverside Iron Works,RAMSAY,1927,0.13710192
792,Shaarey Tzedec Synagogue,MISSION,1959,0.13704327
305,Drill Hall (Aero Space Museum Association of Calgary),PEGASUS,1941,0.13687883
535,Kneeshaw Residence,RAMSAY,1912,0.13642392
524,Katchen Bros. (Calgary Packers),ALYTH/BONNYBROOK,1938,0.13508901
186,Canadian Equipment & Supply,BELTLINE,1912,0.13345447
784,Scott Fruit Co. & Lowney Wm. Co.,BELTLINE,1912,0.13345447
164,Calgary Labour Temple,BELTLINE,1912,0.13345447
641,Neilson's Furniture Warehouse,BELTLINE,1912,0.13345447
538,L.T. Mewburn Co. Ltd.,BELTLINE,1912,0.13345447
900,Trainor Residence,MISSION,1912,0.13311106
441,Hickey Residence,MISSION,1912,0.13311106
885,Sunnyside Bungalow School,SUNNYSIDE,1919,0.13273083
924,Vendome Block,SUNNYSIDE,1912,0.13234378
483,Irwin Block,SUNNYSIDE,1912,0.13234378
417,Gurevitch Residence,UPPER MOUNT ROYAL,1929,0.13059367
796,Shaver Residence,UPPER MOUNT ROYAL,1930,0.13059367
2,104/106 10 Street NW,SUNNYSIDE,1919,0.13017246
4,108 10 Street NW,SUNNYSIDE,1919,0.13017246
3,106A 10 Street NW,SUNNYSIDE,1919,0.13017246
780,Schriner Residence,BRIDGELAND/RIVERSIDE,1939,0.12943086
674,Olympic Saddledome,BELTLINE,1981,0.12875047
799,Sherwin-Williams Co. Warehouse,BELTLINE,1913,0.12747858
21,614 17 AV SW,BELTLINE,1913,0.12747858
318,East Sunnyside Grocery,SUNNYSIDE,1913,0.12641048
842,St. George's Island Bridge,BRIDGELAND/RIVERSIDE,1908,0.1259075
839,St. Cecilia's Roman Catholic Church,ACADIA,1968,0.12569003
49,Alberta Wheat Pool Building,DOWNTOWN COMMERCIAL CORE,1958,0.12555379
254,Costigan Residence,MISSION,1893,0.12491234
499,Jalland Block,BELTLINE,1907,0.124211974
710,Porter Residence,UPPER MOUNT ROYAL,1929,0.124169365
472,Hutchings Residence,UPPER MOUNT ROYAL,1929,0.124169365
931,W.R. Castell Central Library,DOWNTOWN COMMERCIAL CORE,1963,0.12317619
411,Greig House,UPPER MOUNT ROYAL,1911,0.12156763
207,Carter Residence,UPPER MOUNT ROYAL,1911,0.12156763
566,Lyons Residence,RAMSAY,1911,0.12129736
297,Dome Building,DOWNTOWN COMMERCIAL CORE,1958,0.12119004
332,Elveden Centre,DOWNTOWN COMMERCIAL CORE,1958,0.12119004
390,Glenbow Museum Exterior Murals,DOWNTOWN COMMERCIAL CORE,1975,0.12059362
175,Calgary Tower,DOWNTOWN COMMERCIAL CORE,1968,0.12059362
107,Black (Davies) Residence,UPPER MOUNT ROYAL,1912,0.12038242
719,R.W. McDonald Residence,SUNNYSIDE,1912,0.11996806
490,J.H. Jamieson Residence,SUNNYSIDE,1912,0.11996806
967,Woodhall Residence,BELTLINE,1905,0.11977012
429,Heagle Building,DOWNTOWN COMMERCIAL CORE,1958,0.11936126
558,Lough & Elaine Apartments,SUNNYSIDE,1923,0.11843529
243,Commercial Body Works Building,INGLEWOOD,1946,0.11725436
706,Plunkett House,UPPER MOUNT ROYAL,1911,0.11719673
547,Latimer Residence,UPPER MOUNT ROYAL,1911,0.11719673
707,Poffenroth Block,BRIDGELAND/RIVERSIDE,1910,0.11693928
949,Western Hospital,BELTLINE,1906,0.116401434
251,Coste Estate - Coach House,UPPER MOUNT ROYAL,1912,0.11604849
291,Dick House,UPPER MOUNT ROYAL,1912,0.11604849
252,Coste Estate - Coste Residence,UPPER MOUNT ROYAL,1912,0.11604849
249,Cope House,UPPER MOUNT ROYAL,1912,0.11604849
388,Gilfoy Residence,UPPER MOUNT ROYAL,1912,0.11604849
712,Price Residence,UPPER MOUNT ROYAL,1912,0.11604849
601,McHugh House,BELTLINE,1896,0.11600547
835,St. Ann’s Presbytery,RAMSAY,1913,0.11596375
797,Shelbourne Building,DOWNTOWN COMMERCIAL CORE,1958,0.11518444
67,Athlone Apartments,MISSION,1940,0.11512997
597,McDonald Residence,RAMSAY,1911,0.11494407
52,Alexandra Terrace,BELTLINE,1907,0.11409975
187,Canadian Martyrs Catholic Parish Church,COLLINGWOOD,1967,0.11213915
503,Jamieson Residence,UPPER MOUNT ROYAL,1909,0.111891955
253,Coste Estate - Dower House,UPPER MOUNT ROYAL,1912,0.11165152
928,Vincent Residence,UPPER MOUNT ROYAL,1912,0.11165152
939,Webster Residence,UPPER MOUNT ROYAL,1913,0.110444784
42,Albert C Talbot Residence,BELTLINE,1905,0.10994485
282,Davis Residence,BELTLINE,1905,0.10994485
841,St. Gabriel's Anglican Church,MOUNT PLEASANT,1960,0.10948777
329,Electric Substation #14,BOWNESS,1961,0.10887283
766,Russell House,UPPER MOUNT ROYAL,1912,0.10860311
1,1037 2 Avenue NW,SUNNYSIDE,1939,0.10798056
777,Sayre Estate,UPPER MOUNT ROYAL,1905,0.10780502
910,Tudhope Anderson Company Ltd.,BELTLINE,1906,0.10778366
520,Jolly Residence,RAMSAY,1910,0.10678247
237,Colgrove Residence,UPPER MOUNT ROYAL,1913,0.10653191
934,Walsh House,UPPER MOUNT ROYAL,1914,0.10644176
91,Beaudry Block,RAMSAY,1911,0.104886666
517,John Steinbrecher Residence,CRESCENT HEIGHTS,1907,0.10395805
785,Scott Residence,RAMSAY,1909,0.10394834
828,Spence Residence,RAMSAY,1909,0.10394834
595,McCurdy Residence,RAMSAY,1909,0.10394834
161,Calgary Gas Co. Workshop,BELTLINE,1907,0.10382829
886,Sunnyside Grocery,SUNNYSIDE,1911,0.10284184
978,Young Residence,UPPER MOUNT ROYAL,1910,0.1023636
636,Naismith Residence & Carriage House,UPPER MOUNT ROYAL,1910,0.1023636
800,Shimmin Residence,UPPER MOUNT ROYAL,1910,0.1023636
350,Firestone Tire & Rubber Company of Canada (water tower),MAYLAND,1960,0.10232381
604,McKay Lodge,RAMSAY,1911,0.10042859
158,Calgary Co-operative Fur Farmers' Association Building,RAMSAY,1912,0.09893007
179,Calgary Zoo Conservatory - Tropical Aviary,BRIDGELAND/RIVERSIDE,1962,0.097810686
312,Eamon's Bungalow Camp,ROCKY RIDGE,1952,0.09773892
137,Brydon Residence,UPPER MOUNT ROYAL,1908,0.09760552
498,Jade Palace Restaurant Sign,CHINATOWN,1960,0.0974994
894,The Standard Church of America,INGLEWOOD,1956,0.09530153
422,Harrison Residence,RAMSAY,1912,0.094975546
527,Kennedy's Garage,SUNALTA,1927,0.0945751
528,Kerby Memorial Building,DOWNTOWN WEST END,1948,0.09384984
585,Mauch Residence,BRIDGELAND/RIVERSIDE,1911,0.0927505
12,144/146 10 Street NW,SUNNYSIDE,1912,0.091783375
599,McDowell Duplex,BRIDGELAND/RIVERSIDE,1912,0.09017635
445,Hilderman Residence,BRIDGELAND/RIVERSIDE,1912,0.09017635
269,Cunningham Residence,SUNALTA,1910,0.0899529
363,Frank Block,RAMSAY,1912,0.08991207
638,Natural Resources Building,DOWNTOWN COMMERCIAL CORE,1966,0.08903188
114,Borland (Craik) Residence,RAMSAY,1906,0.08853234
588,Mayland Heights Safeway,MAYLAND HEIGHTS,1963,0.0876663
644,Nevler (Yorkshire) Block,RAMSAY,1915,0.086179726
662,NOVA Building Complex,DOWNTOWN COMMERCIAL CORE,1979,0.08401646
611,Memorial Park Chapel/Rose & Crown Pub,BELTLINE,1935,0.083622165
864,St. Vladimir's Ukrainian Orthodox Church and Cultural Centre,CRESCENT HEIGHTS,1977,0.08282749
512,John J. Bowlen Building,DOWNTOWN COMMERCIAL CORE,1969,0.08246004
491,J.I. Case Co. Building,BELTLINE,1907,0.07759047
570,MacKenzie Residence,UPPER MOUNT ROYAL,1927,0.07663702
46,Alberta Grocery,RAMSAY,1912,0.0758667
292,Dillabough-Nickle Residence,UPPER MOUNT ROYAL,1951,0.07516629
80,"Bank of Montreal, Highfield Branch",MANCHESTER INDUSTRIAL,1962,0.07248587
514,John K Kaiser Residence,BRIDGELAND/RIVERSIDE,1910,0.07109779
682,Palliser Square,DOWNTOWN COMMERCIAL CORE,1965,0.07101918
322,Economy Cleaners & Tailors Building,INGLEWOOD,1946,0.07084224
735,Reverend George McDougall Memorial Site,PANORAMA HILLS,1976,0.07068411
550,Leavitt Residence,UPPER MOUNT ROYAL,1970,0.07036947
964,Wilson's Arch Building,MERIDIAN,1965,0.06826528
122,Bradie Building,DOWNTOWN COMMERCIAL CORE,1965,0.06664517
951,Western Union Insurance Building,DOWNTOWN COMMERCIAL CORE,1965,0.06664517
325,Education Centre Building,DOWNTOWN COMMERCIAL CORE,1969,0.06507048
209,Catholic School Centre,DOWNTOWN COMMERCIAL CORE,1968,0.06507048
378,Geddes House,UPPER MOUNT ROYAL,1911,0.06468852
814,Skaken Residence,UPPER MOUNT ROYAL,1947,0.06426789
487,J. Stevenson & Associates,BELTLINE,1956,0.06314277
492,J.W. Davidson Residence & Coach House,UPPER MOUNT ROYAL,1908,0.06281734
474,Hyde Residence,UPPER MOUNT ROYAL,1911,0.060306355
899,Trainer Residence,UPPER MOUNT ROYAL,1911,0.060306355
55,All Saints Russian Orthodox Church,RENFREW,1962,0.05970602
593,McClelland Residence,UPPER MOUNT ROYAL,1909,0.05952538
275,Dairy Bar Sign,RAMSAY,1957,0.058090974
313,Earl Grey Elementary School,UPPER MOUNT ROYAL,1968,0.056241255
513,John Jefferies Residence,RAMSAY,1911,0.05586318
774,Sanderson Residence - Ramsay,RAMSAY,1911,0.05586318
571,MacLean Residence,RAMSAY,1910,0.055101376
829,Spencer Residence,UPPER MOUNT ROYAL,1913,0.054498978
587,Mayland Heights Elementary School,MAYLAND HEIGHTS,1968,0.053744193
227,Christie Ranch House,SAGE HILL,1898,0.052451074
878,Stringer Residence,UPPER MOUNT ROYAL,1910,0.05224749
642,Nelco Square,FRANKLIN,1979,0.052216835
106,Black & White Meat and Groceries,RAMSAY,1949,0.049409457
605,McLaws Residence,UPPER MOUNT ROYAL,1910,0.046405725
755,Robinson Residence,UPPER MOUNT ROYAL,1910,0.046405725
709,Pop's Confectionery,RAMSAY,1902,0.04579619
698,Phillips Building,DOWNTOWN COMMERCIAL CORE,1968,0.044160582
757,Rogerson Residence,RAMSAY,1910,0.04038953
406,Graves-Chittick Block,BELTLINE,1906,0.03842615
414,Grocery Store,BELTLINE,1907,0.03842615
941,Welch Residence,UPPER MOUNT ROYAL,1907,0.033698913
850,St. Luke's Catholic Church,BRENTWOOD,1968,0.033333544
836,St. Anne’s Roman Catholic Church,RAMSAY,1958,0.03230195
518,Johnson Residence,RAMSAY,1908,0.028476933
245,Condon Building,SUNALTA,1966,0.028375706
135,Brower House,SUNNYSIDE,1907,0.028187145
94,Beers Residence,RAMSAY,1907,0.020764016
